season,contestant,total_weeks,avg_judge_score,avg_rank_fan_vote,avg_percentage_fan_vote,avg_rank_position,avg_percentage_position,weeks_rank_better,weeks_percentage_better,weeks_equal
2,Jerry Rice,8,22.520825000000002,0.17868739174476625,0.17586559639135102,4.5,4.375,2,4,2
4,Billy Ray Cyrus,8,19.0,0.1290097736982813,0.12415796130883222,4.625,7.125,6,1,1
11,Bristol Palin,10,22.91664,0.16073869270359648,0.15907488589886945,4.9,4.7,3,4,3
27,Bobby Bones,9,22.38888888888889,0.12480919366426739,0.12373335391946866,4.222222222222222,5.666666666666667,7,1,1
