season,contestant,total_weeks,avg_judge_score,avg_rank_fan_vote,avg_percentage_fan_vote,avg_rank_position,avg_percentage_position,weeks_rank_better,weeks_percentage_better,weeks_equal
2,Jerry Rice,8,22.520825000000002,0.17846337701246615,0.17440516748810747,4.125,3.625,1,4,3
4,Billy Ray Cyrus,8,19.0,0.12950275825296498,0.12652265326855092,4.75,5.0,3,2,3
11,Bristol Palin,10,22.91664,0.16080181025477802,0.1570009089439648,5.0,5.1,3,6,1
27,Bobby Bones,9,22.38888888888889,0.12481836030366782,0.12284290083505615,4.222222222222222,6.111111111111111,6,2,1
